deviceId,time,ExpiredCO2,ExpiredO2,MVe,flowrate,frequency,pressure,ventilationMode,volumePerMinute,volumePerMovement,current,pressure1,pressure2,temperature1,temperature2
4242,1587153739,4.98,4.98,4500,5000,10,5,Pressure Control,2200,220,50,35,36,27.94,26.23
3089,1587153739,5.06,5.06,4500,5000,10,5,Pressure Control,2200,220,50,35,36,34.34,28.74
12693,1587153739,5.16,5.16,4500,5000,10,5,Pressure Control,2200,220,50,35,36,26.71,27.35
93,1587153739,4.63,4.63,4500,5000,10,5,Pressure Control,2200,220,50,35,36,25.78,27.36
586,1587153739,4.65,4.65,4500,5000,10,5,Pressure Control,2200,220,50,35,36,26.61,26.82