[
  [
    {
      "tag": "html",
      "group": "base",
      "url": "https://developer.mozilla.org/en/docs/Web/HTML/Element/html",
      "description": "The HTML <code>&lt;html&gt;</code> element (or HTML root element) represents the root of an HTML document. All other elements must be descendants of this element."
    }
  ],
  [
    {
      "tag": "base",
      "group": "metadata",
      "url": "https://developer.mozilla.org/en/docs/Web/HTML/Element/base",
      "description": "The HTML <code>&lt;base&gt;</code> element specifies the base URL to use for all relative URLs contained within a document. There can be only one <code>&lt;base&gt;</code> element in a document."
    },
    {
      "tag": "head",
      "group": "metadata",
      "url": "https://developer.mozilla.org/en/docs/Web/HTML/Element/head",
      "description": "The HTML <code>&lt;head&gt;</code> element provides general information (metadata) about the document, including its title and links to/definitions of scripts and style sheets."
    },
    {
      "tag": "style",
      "group": "metadata",
      "url": "https://developer.mozilla.org/en/docs/Web/HTML/Element/style",
      "description": "The HTML <code>&lt;style&gt;</code> element contains style information for a document, or part of a document. By default, the style instructions written inside that element are expected to be CSS."
    },
    {
      "tag": "title",
      "group": "metadata",
      "url": "https://developer.mozilla.org/en/docs/Web/HTML/Element/title",
      "description": "The HTML <code>&lt;title&gt;</code> element defines the title of the document, shown in a browser's title bar or on the page's tab. It can only contain text and any contained tags are not interpreted."
    }
  ],
  [
    {
      "tag": "address",
      "group": "sectioning",
      "url": "https://developer.mozilla.org/en/docs/Web/HTML/Element/address",
      "description": "The HTML <code>&lt;address&gt;</code> element supplies contact information for its nearest <code>&lt;article&gt;</code> or <code>&lt;body&gt;</code> ancestor; in the latter case, it applies to the whole document."
    },
    {
      "tag": "article",
      "group": "sectioning",
      "url": "https://developer.mozilla.org/en/docs/Web/HTML/Element/article",
      "description": "The HTML <code>&lt;article&gt;</code> element represents a self-contained composition in a document, page, application, or site, which is intended to be independently distributable or reusable (e.g., in syndication). This could be a forum post, a magazine or newspaper article, a blog entry, an object, or any other independent item of content. Each <code>&lt;article&gt;</code> should be identified, typically by including a heading (<code>&lt;h1&gt;</code>-<code>&lt;h6&gt;</code> element) as a child of the <code>&lt;article&gt;</code> element."
    },
    {
      "tag": "footer",
      "group": "sectioning",
      "url": "https://developer.mozilla.org/en/docs/Web/HTML/Element/footer",
      "description": "The HTML <code>&lt;footer&gt;</code> element represents a footer for its nearest sectioning content or sectioning root element. A footer typically contains information about the author of the section, copyright data or links to related documents."
    },
    {
      "tag": "header",
      "group": "sectioning",
      "url": "https://developer.mozilla.org/en/docs/Web/HTML/Element/header",
      "description": "The HTML <code>&lt;header&gt;</code> element represents a group of introductory or navigational aids. It may contain some heading elements but also other elements like a logo, wrapped section's header, a search form, and so on."
    },
    {
      "tag": "h1-h6",
      "group": "sectioning",
      "url": "https://developer.mozilla.org/en/docs/Web/HTML/Element/h1",
      "description": "Heading elements implement six levels of document headings, <code>&lt;h1&gt;</code> is the most important and <code>&lt;h6&gt;</code> is the least. A heading element briefly describes the topic of the section it introduces. Heading information may be used by user agents, for example, to construct a table of contents for a document automatically."
    },
    {
      "tag": "hgroup",
      "group": "sectioning",
      "url": "https://developer.mozilla.org/en/docs/Web/HTML/Element/hgroup",
      "description": "The HTML <code>&lt;hgroup&gt;</code> Element (HTML Headings Group Element) represents the heading of a section. It defines a single title that participates in the outline of the document as the heading of the implicit or explicit section that it belongs to."
    },
    {
      "tag": "nav",
      "group": "sectioning",
      "url": "https://developer.mozilla.org/en/docs/Web/HTML/Element/nav",
      "description": "The HTML <code>&lt;nav&gt;</code> element (HTML Navigation Element) represents a section of a page that links to other pages or to parts within the page: a section with navigation links."
    },
    {
      "tag": "section",
      "group": "sectioning",
      "url": "https://developer.mozilla.org/en/docs/Web/HTML/Element/section",
      "description": "The HTML <code>&lt;section&gt;</code> element represents a generic section of a document, i.e., a thematic grouping of content, typically with a heading. Each <code>&lt;section&gt;</code> should be identified, typically by including a heading (<code>&lt;h1&gt;</code>-<code>&lt;h6&gt;</code> element) as a child of the <code>&lt;section&gt;</code> element."
    }
  ],
  [
    {
      "tag": "dd",
      "group": "text-content",
      "url": "https://developer.mozilla.org/en/docs/Web/HTML/Element/dd",
      "description": "The HTML <code>&lt;dd&gt;</code> element (HTML Description Element) indicates the description of a term in a description list (<code>&lt;dl&gt;</code>) element. This element can occur only as a child element of a definition list and it must follow a <code>&lt;dt&gt;</code> element."
    },
    {
      "tag": "div",
      "group": "text-content",
      "url": "https://developer.mozilla.org/en/docs/Web/HTML/Element/div",
      "description": "The HTML <code>&lt;div&gt;</code> element (or HTML Document Division Element) is the generic container for flow content, which does not inherently represent anything. It can be used to group elements for styling purposes (using the class or id attributes), or because they share attribute values, such as lang. It should be used only when no other semantic element (such as <code>&lt;article&gt;</code> or <code>&lt;nav&gt;</code>) is appropriate."
    },
    {
      "tag": "dl",
      "group": "text-content",
      "url": "https://developer.mozilla.org/en/docs/Web/HTML/Element/dl",
      "description": "The HTML <code>&lt;dl&gt;</code> element (or HTML Description List Element) encloses a list of pairs of terms and descriptions. Common uses for this element are to implement a glossary or to display metadata (a list of key-value pairs)."
    },
    {
      "tag": "dt",
      "group": "text-content",
      "url": "https://developer.mozilla.org/en/docs/Web/HTML/Element/dt",
      "description": "The HTML <code>&lt;dt&gt;</code> element (or HTML Definition Term Element) identifies a term in a definition list. This element can occur only as a child element of a <code>&lt;dl&gt;</code>. It is usually followed by a <code>&lt;dd&gt;</code> element; however, multiple <code>&lt;dt&gt;</code> elements in a row indicate several terms that are all defined by the immediate next <code>&lt;dd&gt;</code> element."
    },
    {
      "tag": "figcaption",
      "group": "text-content",
      "url": "https://developer.mozilla.org/en/docs/Web/HTML/Element/figcaption",
      "description": "The HTML <code>&lt;figcaption&gt;</code> element represents a caption or a legend associated with a figure or an illustration described by the rest of the data of the <code>&lt;figure&gt;</code> element which is its immediate ancestor which means <code>&lt;figcaption&gt;</code> can be the first or last element inside a <code>&lt;figure&gt;</code> block. Also, the HTML Figcaption Element is optional; if not provided, then the parent figure element will have no caption."
    },
    {
      "tag": "figure",
      "group": "text-content",
      "url": "https://developer.mozilla.org/en/docs/Web/HTML/Element/figure",
      "description": "The HTML <code>&lt;figure&gt;</code> element represents self-contained content, frequently with a caption (<code>&lt;figcaption&gt;</code>), and is typically referenced as a single unit. While it is related to the main flow, its position is independent of the main flow. Usually this is an image, an illustration, a diagram, a code snippet, or a schema that is referenced in the main text, but that can be moved to another page or to an appendix without affecting the main flow."
    },
    {
      "tag": "hr",
      "group": "text-content",
      "url": "https://developer.mozilla.org/en/docs/Web/HTML/Element/hr",
      "description": "The HTML <code>&lt;hr&gt;</code> element represents a thematic break between paragraph-level elements (for example, a change of scene in a story, or a shift of topic with a section). In previous versions of HTML, it represented a horizontal rule. It may still be displayed as a horizontal rule in visual browsers, but is now defined in semantic terms, rather than presentational terms."
    },
    {
      "tag": "li",
      "group": "text-content",
      "url": "https://developer.mozilla.org/en/docs/Web/HTML/Element/li",
      "description": "The HTML <code>&lt;li&gt;</code> element (or HTML List Item Element) is used to represent an item in a list. It must be contained in a parent element: an ordered list (<code>&lt;ol&gt;</code>), an unordered list (<code>&lt;ul&gt;</code>), or a menu (<code>&lt;menu&gt;</code>). In menus and unordered lists, list items are usually displayed using bullet points. In ordered lists, they are usually displayed with an ascending counter on the left, such as a number or letter."
    },
    {
      "tag": "main",
      "group": "text-content",
      "url": "https://developer.mozilla.org/en/docs/Web/HTML/Element/main",
      "description": "The HTML <code>&lt;main&gt;</code> element represents the main content of  the <code>&lt;body&gt;</code> of a document or application. The main content area consists of content that is directly related to, or expands upon the central topic of a document or the central functionality of an application. This content should be unique to the document, excluding any content that is repeated across a set of documents such as sidebars, navigation links, copyright information, site logos, and search forms (unless the document's main function is as a search form)."
    },
    {
      "tag": "ol",
      "group": "text-content",
      "url": "https://developer.mozilla.org/en/docs/Web/HTML/Element/ol",
      "description": "The HTML <code>&lt;ol&gt;</code> Element (or HTML Ordered List Element) represents an ordered list of items. Typically, ordered-list items are displayed with a preceding numbering, which can be of any form, like numerals, letters or Romans numerals or even simple bullets. This numbered style is not defined in the HTML description of the page, but in its associated CSS, using the list-style-type property."
    },
    {
      "tag": "p",
      "group": "text-content",
      "url": "https://developer.mozilla.org/en/docs/Web/HTML/Element/p",
      "description": "The HTML <code>&lt;p&gt;</code> element (or HTML Paragraph Element) represents a paragraph of text."
    },
    {
      "tag": "pre",
      "group": "text-content",
      "url": "https://developer.mozilla.org/en/docs/Web/HTML/Element/pre",
      "description": "The HTML <code>&lt;pre&gt;</code> element (or HTML Preformatted Text) represents preformatted text. Text within this element is typically displayed in a non-proportional font exactly as it is laid out in the file. Whitespaces inside this element are displayed as typed."
    },
    {
      "tag": "ul",
      "group": "text-content",
      "url": "https://developer.mozilla.org/en/docs/Web/HTML/Element/ul",
      "description": "The HTML <code>&lt;ul&gt;</code> element (or HTML Unordered List Element) represents an unordered list of items, namely a collection of items that do not have a numerical ordering, and their order in the list is meaningless. Typically, unordered-list items are displayed with a bullet, which can be of several forms, like a dot, a circle or a squared. The bullet style is not defined in the HTML description of the page, but in its associated CSS, using the list-style-type property."
    }
  ],
  [
    {
      "tag": "abbr",
      "group": "text-semantics",
      "url": "https://developer.mozilla.org/en/docs/Web/HTML/Element/abbr",
      "description": "The HTML <code>&lt;abbr&gt;</code> element (or HTML Abbreviation Element) represents an abbreviation and optionally provides a full description for it. If present, the title attribute must contain this full description and nothing else."
    },
    {
      "tag": "b",
      "group": "text-semantics",
      "url": "https://developer.mozilla.org/en/docs/Web/HTML/Element/b",
      "description": "The HTML <code>&lt;b&gt;</code> Element represents a span of text stylistically different from normal text, without conveying any special importance or relevance. It is typically used for keywords in a summary, product names in a review, or other spans of text whose typical presentation would be boldfaced. Another example of its use is to mark the lead sentence of each paragraph of an article."
    },
    {
      "tag": "bdi",
      "group": "text-semantics",
      "url": "https://developer.mozilla.org/en/docs/Web/HTML/Element/bdi",
      "description": "The HTML <code>&lt;bdi&gt;</code> Element (or Bi-Directional Isolation Element) isolates a span of text that might be formatted in a different direction from other text outside it."
    },
    {
      "tag": "bdo",
      "group": "text-semantics",
      "url": "https://developer.mozilla.org/en/docs/Web/HTML/Element/bdo",
      "description": "The HTML <code>&lt;bdo&gt;</code> Element (or HTML bidirectional override element) is used to override the current directionality of text. It causes the directionality of the characters to be ignored in favor of the specified directionality."
    },
    {
      "tag": "br",
      "group": "text-semantics",
      "url": "https://developer.mozilla.org/en/docs/Web/HTML/Element/br",
      "description": "The HTML element line break <code>&lt;br&gt;</code> produces a line break in text (carriage-return). It is useful for writing a poem or an address, where the division of lines is significant."
    },
    {
      "tag": "cite",
      "group": "text-semantics",
      "url": "https://developer.mozilla.org/en/docs/Web/HTML/Element/cite",
      "description": "The HTML Citation Element (<code>&lt;cite&gt;</code>) represents a reference to a creative work. It must include the title of a work or a URL reference, which may be in an abbreviated form according to the conventions used for the addition of citation metadata."
    },
    {
      "tag": "code",
      "group": "text-semantics",
      "url": "https://developer.mozilla.org/en/docs/Web/HTML/Element/code",
      "description": "The HTML Code Element <code>&lt;code&gt;</code> represents a fragment of computer code. By default, it is displayed in the browser's default monospace font."
    },
    {
      "tag": "data",
      "group": "text-semantics",
      "url": "https://developer.mozilla.org/en/docs/Web/HTML/Element/data",
      "description": "The HTML <code>&lt;data&gt;</code> Element links a given content with a machine-readable translation. If the content is time- or date-related, the <code>&lt;time&gt;</code> must be used."
    },
    {
      "tag": "dfn",
      "group": "text-semantics",
      "url": "https://developer.mozilla.org/en/docs/Web/HTML/Element/dfn",
      "description": "The HTML Definition Element (<code>&lt;dfn&gt;</code>) represents the defining instance of a term."
    },
    {
      "tag": "em",
      "group": "text-semantics",
      "url": "https://developer.mozilla.org/en/docs/Web/HTML/Element/em",
      "description": "The HTML element emphasis  <code>&lt;em&gt;</code> marks text that has stress emphasis. The <code>&lt;em&gt;</code> element can be nested, with each level of nesting indicating a greater degree of emphasis."
    },
    {
      "tag": "i",
      "group": "text-semantics",
      "url": "https://developer.mozilla.org/en/docs/Web/HTML/Element/i",
      "description": "The HTML <code>&lt;i&gt;</code> Element represents a range of text that is set off from the normal text for some reason, for example, technical terms, foreign language phrases, or fictional character thoughts. It is typically displayed in italic type."
    },
    {
      "tag": "kbd",
      "group": "text-semantics",
      "url": "https://developer.mozilla.org/en/docs/Web/HTML/Element/kbd",
      "description": "The HTML Keyboard Input Element (<code>&lt;kbd&gt;</code>) represents user input and produces an inline element displayed in the browser's default monospace font."
    },
    {
      "tag": "mark",
      "group": "text-semantics",
      "url": "https://developer.mozilla.org/en/docs/Web/HTML/Element/mark",
      "description": "The HTML Mark Element (<code>&lt;mark&gt;</code>) represents highlighted text, i.e., a run of text marked for reference purpose, due to its relevance in a particular context. For example it can be used in a page showing search results to highlight every instance of the searched-for word."
    },
    {
      "tag": "q",
      "group": "text-semantics",
      "url": "https://developer.mozilla.org/en/docs/Web/HTML/Element/q",
      "description": "The HTML Quote Element (<code>&lt;q&gt;</code>) indicates that the enclosed text is a short inline quotation. This element is intended for short quotations that don't require paragraph breaks; for long quotations use <code>&lt;blockquote&gt;</code> element."
    },
    {
      "tag": "rp",
      "group": "text-semantics",
      "url": "https://developer.mozilla.org/en/docs/Web/HTML/Element/rp",
      "description": "The HTML <code>&lt;rp&gt;</code> element is used to provide fall-back parenthesis for browsers non-supporting ruby annotations. Ruby annotations are for showing pronounciation of East Asian characters, like using Japanese furigana or Taiwainese bopomofo characters. The <code>&lt;rp&gt;</code> element is used in the case of lack of <code>&lt;ruby&gt;</code> element support its content has what should be displayed in order to indicate the presence of a ruby annotation, usually parentheses."
    },
    {
      "tag": "rt",
      "group": "text-semantics",
      "url": "https://developer.mozilla.org/en/docs/Web/HTML/Element/rt",
      "description": "The HTML <code>&lt;rt&gt;</code> Element embraces pronunciation of characters presented in a ruby annotations, which are used to describe the pronunciation of East Asian characters. This element is always used inside a <code>&lt;ruby&gt;</code> element."
    },
    {
      "tag": "rtc",
      "group": "text-semantics",
      "url": "https://developer.mozilla.org/en/docs/Web/HTML/Element/rtc",
      "description": "The HTML <code>&lt;rtc&gt;</code> Element embraces semantic annotations of characters presented in a ruby of <code>&lt;rb&gt;</code> elements used inside of <code>&lt;ruby&gt;</code> element. <code>&lt;rb&gt;</code> elements can have both pronunciation (<code>&lt;rt&gt;</code>) and semantic (<code>&lt;rtc&gt;</code>) annotations."
    },
    {
      "tag": "ruby",
      "group": "text-semantics",
      "url": "https://developer.mozilla.org/en/docs/Web/HTML/Element/ruby",
      "description": "The HTML <code>&lt;ruby&gt;</code> Element represents a ruby annotation. Ruby annotations are for showing pronunciation of East Asian characters."
    },
    {
      "tag": "s",
      "group": "text-semantics",
      "url": "https://developer.mozilla.org/en/docs/Web/HTML/Element/s",
      "description": "The HTML Strikethrough Element (<code>&lt;s&gt;</code>) renders text with a strikethrough, or a line through it. Use the <code>&lt;s&gt;</code> element to represent things that are no longer relevant or no longer accurate. However, <code>&lt;s&gt;</code> is not appropriate when indicating document edits; for that, use the <code>&lt;del&gt;</code> and <code>&lt;ins&gt;</code> elements, as appropriate."
    },
    {
      "tag": "samp",
      "group": "text-semantics",
      "url": "https://developer.mozilla.org/en/docs/Web/HTML/Element/samp",
      "description": "The HTML <code>&lt;samp&gt;</code> element is an element intended to identify sample output from a computer program. It is usually displayed in the browser's default monotype font (such as Lucida Console)."
    },
    {
      "tag": "small",
      "group": "text-semantics",
      "url": "https://developer.mozilla.org/en/docs/Web/HTML/Element/small",
      "description": "The HTML Small Element (<code>&lt;small&gt;</code>) makes the text font size one size smaller (for example, from large to medium, or from small to x-small) down to the browser's minimum font size.  In HTML5, this element is repurposed to represent side-comments and small print, including copyright and legal text, independent of its styled presentation."
    },
    {
      "tag": "span",
      "group": "text-semantics",
      "url": "https://developer.mozilla.org/en/docs/Web/HTML/Element/span",
      "description": "The HTML <code>&lt;span&gt;</code> element is a generic inline container for phrasing content, which does not inherently represent anything. It can be used to group elements for styling purposes (using the class or id attributes), or because they share attribute values, such as lang. It should be used only when no other semantic element is appropriate. <code>&lt;span&gt;</code> is very much like a <code>&lt;div&gt;</code> element, but <code>&lt;div&gt;</code> is a block-level element whereas a <code>&lt;span&gt;</code> is an inline element."
    },
    {
      "tag": "strong",
      "group": "text-semantics",
      "url": "https://developer.mozilla.org/en/docs/Web/HTML/Element/strong",
      "description": "The HTML Strong Element (<code>&lt;strong&gt;</code>) gives text strong importance, and is typically displayed in bold."
    },
    {
      "tag": "sub",
      "group": "text-semantics",
      "url": "https://developer.mozilla.org/en/docs/Web/HTML/Element/sub",
      "description": "The HTML Subscript Element (<code>&lt;sub&gt;</code>) defines a span of text that should be displayed, for typographic reasons, lower, and often smaller, than the main span of text."
    },
    {
      "tag": "sup",
      "group": "text-semantics",
      "url": "https://developer.mozilla.org/en/docs/Web/HTML/Element/sup",
      "description": "The HTML Superscript Element (<code>&lt;sup&gt;</code>) defines a span of text that should be displayed, for typographic reasons, higher, and often smaller, than the main span of text."
    },
    {
      "tag": "time",
      "group": "text-semantics",
      "url": "https://developer.mozilla.org/en/docs/Web/HTML/Element/time",
      "description": "The HTML <code>&lt;time&gt;</code> element represents either a time on a 24-hour clock or a precise date in the Gregorian calendar (with optional time and timezone information)."
    },
    {
      "tag": "u",
      "group": "text-semantics",
      "url": "https://developer.mozilla.org/en/docs/Web/HTML/Element/u",
      "description": "The HTML Underline Element (<code>&lt;u&gt;</code>) renders text with an underline, a line under the baseline of its content."
    },
    {
      "tag": "var",
      "group": "text-semantics",
      "url": "https://developer.mozilla.org/en/docs/Web/HTML/Element/var",
      "description": "The HTML Variable Element (<code>&lt;var&gt;</code>) represents a variable in a mathematical expression or a programming context."
    },
    {
      "tag": "wbr",
      "group": "text-semantics",
      "url": "https://developer.mozilla.org/en/docs/Web/HTML/Element/wbr",
      "description": "The HTML element word break opportunity <code>&lt;wbr&gt;</code> represents a position within text where the browser may optionally break a line, though its line-breaking rules would not otherwise create a break at that location."
    }
  ],
  [
    {
      "tag": "area",
      "group": "media",
      "url": "https://developer.mozilla.org/en/docs/Web/HTML/Element/area",
      "description": "The HTML <code>&lt;area&gt;</code> element defines a hot-spot region on an image, and optionally associates it with a hypertext link. This element is used only within a <code>&lt;map&gt;</code> element."
    },
    {
      "tag": "audio",
      "group": "media",
      "url": "https://developer.mozilla.org/en/docs/Web/HTML/Element/audio",
      "description": "The HTML <code>&lt;audio&gt;</code> element is used to embed sound content in documents. It may contain several audio sources, represented using the src attribute or the <code>&lt;source&gt;</code> element; the browser will choose the most suitable one."
    },
    {
      "tag": "map",
      "group": "media",
      "url": "https://developer.mozilla.org/en/docs/Web/HTML/Element/map",
      "description": "The HTML <code>&lt;map&gt;</code> element is used with <code>&lt;area&gt;</code> elements to define an image map (a clickable link area)."
    },
    {
      "tag": "track",
      "group": "media",
      "url": "https://developer.mozilla.org/en/docs/Web/HTML/Element/track",
      "description": "The HTML <code>&lt;track&gt;</code> element is used as a child of the media elements—<code>&lt;audio&gt;</code> and <code>&lt;video&gt;</code>. It lets you specify timed text tracks (or time-based data), for example to automatically handle subtitles. The tracks are formatted in WebVTT format (.vtt files) — Web Video Text Tracks."
    },
    {
      "tag": "video",
      "group": "media",
      "url": "https://developer.mozilla.org/en/docs/Web/HTML/Element/video",
      "description": "Use the  HTML <code>&lt;video&gt;</code> element to embed video content in a document. The video element contains one or more video sources. To specify a video source, use either the src attribute or the <code>&lt;source&gt;</code> element; the browser will choose the most suitable one."
    }
  ],
  [
    {
      "tag": "embed",
      "group": "embedded",
      "url": "https://developer.mozilla.org/en/docs/Web/HTML/Element/embed",
      "description": "The HTML <code>&lt;embed&gt;</code> Element represents an integration point for an external application or interactive content (in other words, a plug-in)."
    },
    {
      "tag": "object",
      "group": "embedded",
      "url": "https://developer.mozilla.org/en/docs/Web/HTML/Element/object",
      "description": "The HTML Embedded Object Element (<code>&lt;object&gt;</code>) represents an external resource, which can be treated as an image, a nested browsing context, or a resource to be handled by a plugin."
    },
    {
      "tag": "param",
      "group": "embedded",
      "url": "https://developer.mozilla.org/en/docs/Web/HTML/Element/param",
      "description": "The HTML <code>&lt;param&gt;</code> Element (or HTML Parameter Element) defines parameters for <code>&lt;object&gt;</code>."
    },
    {
      "tag": "source",
      "group": "embedded",
      "url": "https://developer.mozilla.org/en/docs/Web/HTML/Element/source",
      "description": "The HTML <code>&lt;source&gt;</code> element is used to specify multiple media resources for <code>&lt;picture&gt;</code>, <code>&lt;audio&gt;</code> and <code>&lt;video&gt;</code> elements. It is an empty element. It is commonly used to serve the same media in multiple formats supported by different browsers."
    }
  ],
  [
    {
      "tag": "canvas",
      "group": "script",
      "url": "https://developer.mozilla.org/en/docs/Web/HTML/Element/canvas",
      "description": "The HTML <code>&lt;canvas&gt;</code> Element can be used to draw graphics via scripting (usually JavaScript). For example, it can be used to draw graphs, make photo compositions or even perform animations. You may (and should) provide alternate content inside the <code>&lt;canvas&gt;</code> block. That content will be rendered both on older browsers that don't support canvas and in browsers with JavaScript disabled."
    },
    {
      "tag": "noscript",
      "group": "script",
      "url": "https://developer.mozilla.org/en/docs/Web/HTML/Element/noscript",
      "description": "The HTML <code>&lt;noscript&gt;</code> Element defines a section of html to be inserted if a script type on the page is unsupported or if scripting is currently turned off in the browser."
    },
    {
      "tag": "script",
      "group": "script",
      "url": "https://developer.mozilla.org/en/docs/Web/HTML/Element/script",
      "description": "The HTML Script Element (<code>&lt;script&gt;</code>) is used to embed or reference an executable script within an HTML or XHTML document."
    }
  ],
  [
    {
      "tag": "del",
      "group": "edits",
      "url": "https://developer.mozilla.org/en/docs/Web/HTML/Element/del",
      "description": "The HTML Deleted Text Element (<code>&lt;del&gt;</code>) represents a range of text that has been deleted from a document. This element is often (but need not be) rendered with strike-through text."
    },
    {
      "tag": "ins",
      "group": "edits",
      "url": "https://developer.mozilla.org/en/docs/Web/HTML/Element/ins",
      "description": "The HTML <code>&lt;ins&gt;</code> Element (or HTML Inserted Text) HTML represents a range of text that has been added to a document."
    }
  ],
  [
    {
      "tag": "caption",
      "group": "table",
      "url": "https://developer.mozilla.org/en/docs/Web/HTML/Element/caption",
      "description": "The HTML <code>&lt;caption&gt;</code> Element (or HTML Table Caption Element) represents the title of a table. Though it is always the first descendant of a <code>&lt;table&gt;</code>, its styling, using CSS, may place it elsewhere, relative to the table."
    },
    {
      "tag": "col",
      "group": "table",
      "url": "https://developer.mozilla.org/en/docs/Web/HTML/Element/col",
      "description": "The HTML Table Column Element (<code>&lt;col&gt;</code>) defines a column within a table and is used for defining common semantics on all common cells. It is generally found within a <code>&lt;colgroup&gt;</code> element."
    },
    {
      "tag": "colgroup",
      "group": "table",
      "url": "https://developer.mozilla.org/en/docs/Web/HTML/Element/colgroup",
      "description": "The HTML Table Column Group Element (<code>&lt;colgroup&gt;</code>) defines a group of columns within a table."
    },
    {
      "tag": "table",
      "group": "table",
      "url": "https://developer.mozilla.org/en/docs/Web/HTML/Element/table",
      "description": "The HTML Table Element (<code>&lt;table&gt;</code>) represents data in two dimensions or more."
    },
    {
      "tag": "tbody",
      "group": "table",
      "url": "https://developer.mozilla.org/en/docs/Web/HTML/Element/tbody",
      "description": "The HTML Table Body Element (<code>&lt;tbody&gt;</code>) defines one or more <code>&lt;tr&gt;</code> element data-rows to be the body of its parent <code>&lt;table&gt;</code> element (as long as no <code>&lt;tr&gt;</code> elements are immediate children of that table element.)  In conjunction with a preceding <code>&lt;thead&gt;</code> and/or <code>&lt;tfoot&gt;</code> element, <code>&lt;tbody&gt;</code> provides additional semantic information for devices such as printers and displays. Of the parent table's child elements, <code>&lt;tbody&gt;</code> represents the content which, when longer than a page, will most likely differ for each page printed; while the content of <code>&lt;thead&gt;</code> and <code>&lt;tfoot&gt;</code> will be the same or similar for each page printed. For displays, <code>&lt;tbody&gt;</code> will enable separate scrolling of the <code>&lt;thead&gt;</code>, <code>&lt;tfoot&gt;</code>, and <code>&lt;caption&gt;</code> elements of the same parent <code>&lt;table&gt;</code> element.  Note that unlike the <code>&lt;thead&gt;</code>, <code>&lt;tfoot&gt;</code>, and <code>&lt;caption&gt;</code> elements however, multiple <code>&lt;tbody&gt;</code> elements are permitted (if consecutive), allowing the data-rows in long tables to be divided into different sections, each separately formatted as needed."
    },
    {
      "tag": "td",
      "group": "table",
      "url": "https://developer.mozilla.org/en/docs/Web/HTML/Element/td",
      "description": "The Table cell HTML element (<code>&lt;td&gt;</code>) defines a cell of a table that contains data. It participates in the table model."
    },
    {
      "tag": "tfoot",
      "group": "table",
      "url": "https://developer.mozilla.org/en/docs/Web/HTML/Element/tfoot",
      "description": "The HTML Table Foot Element (<code>&lt;tfoot&gt;</code>) defines a set of rows summarizing the columns of the table."
    },
    {
      "tag": "th",
      "group": "table",
      "url": "https://developer.mozilla.org/en/docs/Web/HTML/Element/th",
      "description": "The HTML element table header cell <code>&lt;th&gt;</code> defines a cell that is a header for a group of cells of a table. The group of cells that the header refers to is defined by the scope and headers attribute."
    },
    {
      "tag": "thead",
      "group": "table",
      "url": "https://developer.mozilla.org/en/docs/Web/HTML/Element/thead",
      "description": "The HTML Table Head Element (<code>&lt;thead&gt;</code>) defines a set of rows defining the head of the columns of the table."
    },
    {
      "tag": "tr",
      "group": "table",
      "url": "https://developer.mozilla.org/en/docs/Web/HTML/Element/tr",
      "description": "The HTML element table row <code>&lt;tr&gt;</code> defines a row of cells in a table. Those can be a mix of <code>&lt;td&gt;</code> and <code>&lt;th&gt;</code> elements."
    }
  ],
  [
    {
      "tag": "button",
      "group": "forms",
      "url": "https://developer.mozilla.org/en/docs/Web/HTML/Element/button",
      "description": "The HTML <code>&lt;button&gt;</code> Element represents a clickable button."
    },
    {
      "tag": "datalist",
      "group": "forms",
      "url": "https://developer.mozilla.org/en/docs/Web/HTML/Element/datalist",
      "description": "The HTML Datalist Element (<code>&lt;datalist&gt;</code>) contains a set of <code>&lt;option&gt;</code> elements that represent the values available for other controls."
    },
    {
      "tag": "fieldset",
      "group": "forms",
      "url": "https://developer.mozilla.org/en/docs/Web/HTML/Element/fieldset",
      "description": "The HTML <code>&lt;fieldset&gt;</code> element is used to group several controls as well as labels (<code>&lt;label&gt;</code>) within a web form."
    },
    {
      "tag": "form",
      "group": "forms",
      "url": "https://developer.mozilla.org/en/docs/Web/HTML/Element/form",
      "description": "The HTML <code>&lt;form&gt;</code> element represents a document section that contains interactive controls to submit information to a web server."
    },
    {
      "tag": "input",
      "group": "forms",
      "url": "https://developer.mozilla.org/en/docs/Web/HTML/Element/input",
      "description": "The HTML element <code>&lt;input&gt;</code> is used to create interactive controls for web-based forms in order to accept data from the user. How an <code>&lt;input&gt;</code> works varies considerably depending on the value of its type attribute."
    },
    {
      "tag": "keygen",
      "group": "forms",
      "url": "https://developer.mozilla.org/en/docs/Web/HTML/Element/keygen",
      "description": "The HTML <code>&lt;keygen&gt;</code> element exists to facilitate generation of key material, and submission of the public key as part of an HTML form. This mechanism is designed for use with Web-based certificate management systems. It is expected that the <code>&lt;keygen&gt;</code> element will be used in an HTML form along with other information needed to construct a certificate request, and that the result of the process will be a signed certificate."
    },
    {
      "tag": "label",
      "group": "forms",
      "url": "https://developer.mozilla.org/en/docs/Web/HTML/Element/label",
      "description": "The HTML Label Element (<code>&lt;label&gt;</code>) represents a caption for an item in a user interface. It can be associated with a control either by placing the control element inside the <code>&lt;label&gt;</code> element, or by using the for attribute. Such a control is called the labeled control of the label element. With one input can be assosiated few labels."
    },
    {
      "tag": "legend",
      "group": "forms",
      "url": "https://developer.mozilla.org/en/docs/Web/HTML/Element/legend",
      "description": "The HTML <code>&lt;legend&gt;</code> Element (or HTML Legend Field Element) represents a caption for the content of its parent <code>&lt;fieldset&gt;</code>."
    },
    {
      "tag": "meter",
      "group": "forms",
      "url": "https://developer.mozilla.org/en/docs/Web/HTML/Element/meter",
      "description": "The HTML <code>&lt;meter&gt;</code> Element represents either a scalar value within a known range or a fractional value."
    },
    {
      "tag": "optgroup",
      "group": "forms",
      "url": "https://developer.mozilla.org/en/docs/Web/HTML/Element/optgroup",
      "description": "In a Web form, the HTML <code>&lt;optgroup&gt;</code> element  creates a grouping of options within a <code>&lt;select&gt;</code> element."
    },
    {
      "tag": "option",
      "group": "forms",
      "url": "https://developer.mozilla.org/en/docs/Web/HTML/Element/option",
      "description": "In a Web form, the HTML <code>&lt;option&gt;</code> element is used to create a control representing an item within a <code>&lt;select&gt;</code>, an <code>&lt;optgroup&gt;</code> or a <code>&lt;datalist&gt;</code> HTML5 element."
    },
    {
      "tag": "output",
      "group": "forms",
      "url": "https://developer.mozilla.org/en/docs/Web/HTML/Element/output",
      "description": "The HTML <code>&lt;output&gt;</code> element represents the result of a calculation or user action."
    },
    {
      "tag": "progress",
      "group": "forms",
      "url": "https://developer.mozilla.org/en/docs/Web/HTML/Element/progress",
      "description": "The HTML <code>&lt;progress&gt;</code> Element is used to view the completion progress of a task. While the specifics of how it's displayed is left up to the browser developer, it's typically displayed as a progress bar. Javascript can be used to manipulate the value of progress bar."
    },
    {
      "tag": "select",
      "group": "forms",
      "url": "https://developer.mozilla.org/en/docs/Web/HTML/Element/select",
      "description": "The HTML select (<code>&lt;select&gt;</code>) element represents a control that presents a menu of options. The options within the menu are represented by <code>&lt;option&gt;</code> elements, which can be grouped by <code>&lt;optgroup&gt;</code> elements. Options can be pre-selected for the user."
    }
  ],
  [
    {
      "tag": "details",
      "group": "interactive",
      "url": "https://developer.mozilla.org/en/docs/Web/HTML/Element/details",
      "description": "The HTML Details Element (<code>&lt;details&gt;</code>) is used as a disclosure widget from which the user can retrieve additional information."
    },
    {
      "tag": "dialog",
      "group": "interactive",
      "url": "https://developer.mozilla.org/en/docs/Web/HTML/Element/dialog",
      "description": "The HTML <code>&lt;dialog&gt;</code> element represents a dialog box or other interactive component, such as an inspector or window. <code>&lt;form&gt;</code> elements can be integrated within a dialog by specifying them with the attribute method=\"dialog\". When such a form is submitted, the dialog is closed with a returnValue attribute set to the value of the submit button used."
    },
    {
      "tag": "menu",
      "group": "interactive",
      "url": "https://developer.mozilla.org/en/docs/Web/HTML/Element/menu",
      "description": "The HTML <code>&lt;menu&gt;</code> element represents a group of commands that a user can perform or activate. This includes both list menus, which might appear across the top of a screen, as well as context menus, such as those that might appear underneath a button after it has been clicked."
    },
    {
      "tag": "menuitem",
      "group": "interactive",
      "url": "https://developer.mozilla.org/en/docs/Web/HTML/Element/menuitem",
      "description": "The HTML <code>&lt;menuitem&gt;</code> element represents a command that a user is able to invoke through a popup menu. This includes context menus, as well as menus that might be attached to a menu button."
    },
    {
      "tag": "summary",
      "group": "interactive",
      "url": "https://developer.mozilla.org/en/docs/Web/HTML/Element/summary",
      "description": "The HTML summary element (<code>&lt;summary&gt;</code>) is used as a summary, caption, or legend for the content of a <code>&lt;details&gt;</code> element."
    }
  ]
]
